{"hmm": {"A": {"0": {"0": 0.4590777808870685, "1": 0.5409222191129316}, "1": {"0": 0.8636186236004116, "1": 0.1363813763995883}}, "B": {"0": {"0": 0.02635204093431324, "1": 0.000896478235386893, "2": 0.011784907332928495, "3": 0.01037746862521023, "4": 0.003926851691710444, "5": 0.005125899483146964, "6": 0.01707288683442928, "7": 0.0126184489139416, "8": 0.0169402320903358, "9": 0.013040056363251526, "10": 0.008009600602158343, "11": 0.01840201829887485, "12": 0.002677841892095701, "13": 0.000541288300894447, "14": 0.027384190645585612, "15": 0.024404985921350812, "16": 0.03436446209235025, "17": 0.0018071774121255027, "18": 0.035219742208939815, "19": 0.019568212982986204, "20": 0.032179078152365016, "21": 0.0012946704733642258, "22": 0.0068127334280002946, "23": 0.05173916424203016, "24": 0.020611729264328468, "25": 0.027089864026958087, "26": 0.006223971284102345, "27": 0.00035493334877039254, "28": 0.006948264541666263, "29": 0.0002580899196687913, "30": 0.015465350791392406, "31": 0.034478887122951905, "32": 0.011191705479509, "33": 0.022265328391286445, "34": 0.03698893039546902, "35": 0.020660417637162025, "36": 0.004004200067015801, "37": 0.01015222325349174, "38": 0.021112800696605045, "39": 0.008187617358551096, "40": 0.0037661680289088426, "41": 0.005426525965636976, "42": 0.003265346761850904, "43": 0.002024318522368095, "44": 0.0008420040497879855, "45": 0.0412907578884852, "46": 0.022177530467026838, "47": 0.005426507749887915, "48": 0.05020789161112709, "49": 0.0205188603031229, "50": 0.0020142337065629694, "51": 0.014772688818715223, "52": 0.021549797034049974, "53": 0.011524752073879882, "54": 0.01980923369164871, "55": 0.042712827610127846, "56": 0.02855906402864836, "57": 0.022308686158098397, "58": 0.005189567973768156, "59": 0.004544645383410333, "60": 0.008064229167378154, "61": 0.0060958657323841895, "62": 0.024928393522701302, "63": 0.004445353013719395}, "1": {"0": 0.001884624103987416, "1": 0.004818588437336999, "2": 0.016964806149882036, "3": 0.010479133934151352, "4": 0.007478998697544404, "5": 0.01583773603297451, "6": 0.002152812768718692, "7": 0.0391270170992665, "8": 0.0024508272405039336, "9": 0.10186225873343838, "10": 0.031175250802564933, "11": 0.0038758933970572448, "12": 0.009276766818809653, "13": 0.011156986837244368, "14": 0.031430916624557007, "15": 0.028875410976123783, "16": 0.009674163915894467, "17": 0.006838857593904053, "18": 0.03710987068764177, "19": 0.006678775095500055, "20": 0.03214154713573041, "21": 0.003561178267812834, "22": 0.005842698396457922, "23": 0.0046633282925189, "24": 0.011594770137788722, "25": 0.0038816746303687623, "26": 0.03929989683764438, "27": 0.005852232531863199, "28": 0.016695083159113965, "29": 0.024394208709897627, "30": 0.0023759182707808577, "31": 0.0014673653722321366, "32": 0.008827211944445938, "33": 0.009666960851187179, "34": 0.03954348674978238, "35": 0.01639796069682388, "36": 0.029931177955330023, "37": 0.001980594729340078, "38": 0.008244336503189805, "39": 0.0029991559685261255, "40": 0.025745319731583755, "41": 0.006575909691766708, "42": 0.02392712535981717, "43": 0.03931064145987281, "44": 0.005086845827383169, "45": 0.005958956939466141, "46": 0.042370457561378236, "47": 0.02929708639814446, "48": 0.010128790593982915, "49": 0.015423702667470738, "50": 0.0030049630898792107, "51": 0.0023315647802442763, "52": 0.005542432529069218, "53": 0.018084832302909984, "54": 0.02674689386041233, "55": 0.019531132607157123, "56": 0.013349883269975701, "57": 0.004618863668956637, "58": 0.021679060073662975, "59": 0.002117802236492089, "60": 0.008603676699804571, "61": 0.011262062882266173, "62": 0.0051619521004512324, "63": 0.0056295605799156715}}, "pi": {"0": 0.5211299322310269, "1": 0.47887006776897306}}}